{"created_date":"2012-12-26T21:35:39.436+0000","order_number":2,"min_number_amplicons_per_pool":207,"design_id":"CHP2","solution_name":null,"status":"ORDERABLE","results_uri":"/ws/tmpldesign/5894853/download/results","pipeline_version":null,"number_of_amplicon_pools":1,"type":"FIXED_PANEL","genome":"HG19","number_of_amplicons":207,"id":5894853,"plan":{"3.6":{"missed_bed":null,"target_mutations":"4475346_CHP2_targetmutations_20120927.csv","submitted_bed":null,"coverage_summary":null,"well_plate_data":null,"primer_bed":null,"coverage_detail":null,"hotspot_bed":"4475346_CHP2_hotspots_20120927.bed","primer_sequences":null,"variant_caller":{"freebayes":{"read_max_mismatch_fraction":"1.0","read_mismatch_limit":"10","gen_min_indel_alt_allele_freq":"0.10","gen_min_alt_allele_freq":"0.03","min_base_qv":"2","min_mapping_qv":"4","allow_snps":"1","allow_mnps":"0","gen_min_coverage":"6","allow_indels":"1"},"long_indel_assembler":{"max_hp_length":"8","min_indel_size":"4","short_suffix_match":"5","relative_strand_bias":"0.8","min_var_count":"5","kmer_len":"19","min_var_freq":"0.15"},"torrent_variant_caller":{"indel_beta_bias":"10.0","filter_unusual_predictions":"0.3","filter_insertion_predictions":"0.2","indel_min_coverage":"15","snp_min_cov_each_strand":"0","data_quality_stringency":"6.5","hotspot_min_cov_each_strand":"2","snp_min_allele_freq":"0.02","hotspot_min_allele_freq":"0.01","snp_strand_bias":"0.95","snp_min_coverage":"6","indel_min_variant_score":"6","hotspot_beta_bias":"100.0","prediction_precision":"1.0","hotspot_strand_bias":"0.95","snp_min_variant_score":"6","indel_strand_bias":"0.90","indel_min_cov_each_strand":"2","heavy_tailed":"3","hotspot_min_coverage":"6","snp_beta_bias":"100.0","filter_deletion_predictions":"0.2","hp_max_length":"8","outlier_probability":"0.005","hotspot_min_variant_score":"6","downsample_to_coverage":"2000","indel_min_allele_freq":"0.05"},"meta":{"tvcargs":"tvc","configuration":"custom","trimreads":true}},"designed_bed":"4475346_CHP2_designed_20120806.bed"}},"target_size":5687,"pipeline":"DNA","description":"<p>The Ion AmpliSeq&trade; Cancer Hotspot Panel v2 is a single pool of primers used to perform multiplex PCR for preparation of amplicon libraries from genomic \"hot spot\" regions that are frequently mutated in human cancer genes.&nbsp;\r\n<a href=\"http://products.invitrogen.com/ivgn/product/4475346\" target=\"_blank\">Learn more<img src=\"/resources/images/linkout.png\" style=\"display:inline;margin:0\"/><\/a><\/p>\r\n\r\n<table class=\"design-template-info-wrapper-table\">\r\n    <tr class=\"design-template-statistics\">\r\n        <td><strong>Amplicon length<\/strong>\r\n            111&ndash;187 bp (average 154 bp)<\/td>\r\n        <td><strong>Primer pool size<\/strong>\r\n            207 primer pairs in 1 tube<\/td>\r\n        <td><strong>Input DNA required<\/strong>\r\n            10 ng DNA<\/td>\r\n        <td><strong>Read length<\/strong>\r\n            1 x 200<\/td>\r\n    <\/tr>\r\n<\/table>","request_id_and_solution_ordering_id":"CHP2","amplicons_coverage_summary":100,"design_name":"Ion AmpliSeq™ Cancer Hotspot Panel v2"}